id,screenName,created,text,favoriteCount,retweetCount,isRetweet,retweeted,location
881709792200404993,Chile_Alerta,2017-07-03T03:02:50Z,RT @FuttiNomy: @mcifuentesk @Chile_Alerta @ventuve @sebastianpinera Y de los otros inscritos en otros partidos políticos que tampoco pudier…,0,1,TRUE,FALSE,Chile x #AC
881702359457570818,FuttiNomy,2017-07-03T02:33:18Z,@mcifuentesk @Chile_Alerta @ventuve @sebastianpinera Y de los otros inscritos en otros partidos políticos que tampoco pudieron votar,1,1,FALSE,FALSE,"San Bernardo, Chile"
881693353481515008,josolvoi,2017-07-03T01:57:31Z,"Hay que tirarse con todo,  no puede ser que partidos políticos hagan fraude con firma de ciudadanos. https://t.co/rqtRxmn5EM",0,0,FALSE,FALSE,Stgo Chile
881680568869691398,KOxVxkNFT4TxbVD,2017-07-03T01:06:43Z,Un grande siempre ganó el.poder econmico y partidos políticos pero se intentó https://t.co/X0V2rig4F5,0,0,FALSE,FALSE,Estados Unidos
881680076223520768,MathiWeithofer,2017-07-03T01:04:45Z,"Que lástima lo poco que creen en el FA. Al igual que en Evópoli, será que mantendrán los mismos partidos políticos siempre?",1,0,FALSE,FALSE,"Santiago, Chile"
881678539145269248,karhez79,2017-07-03T00:58:39Z,RT @el_dinamo: Votantes no pudieron sufragar por aparecer inscritos en partidos políticos equivocados https://t.co/gmIog7xayO https://t.co/…,0,9,TRUE,FALSE,
881677420755079168,Azraela,2017-07-03T00:54:12Z,No me logro aprender los nuevos partidos políticos... No entiendo las noticias en la radio sin fotos de cuáles son cuáles... #Primarias,0,0,FALSE,FALSE,Santiago
881677181080018944,enfermera_PM,2017-07-03T00:53:15Z,"@HermanAguirreA @mmlagoscc Es q falto la NM,q es la q lleva gente ya q suman más partidos políticos!",0,0,FALSE,FALSE,Santiago de Chile
881675865482031105,aRRRaya,2017-07-03T00:48:01Z,"Yo comento partidos (políticos) clase A, por eso disciplinadamente estoy viendo el triunfo parcial de @losnacionales",0,0,FALSE,FALSE,Iquique/Viña del Mar/Santiago
881672297366597637,elweichafe,2017-07-03T00:33:51Z,"RT @marimiranda_p: @elweichafe @RadioSantoTomas Inhabilitación para sufragar, cambios de sedes o gente que aparece militando en partidos po…",0,1,TRUE,FALSE,Chile
881671926892122115,marimiranda_p,2017-07-03T00:32:22Z,"@elweichafe @RadioSantoTomas Inhabilitación para sufragar, cambios de sedes o gente que aparece militando en partid… https://t.co/rzyowNi2cY",0,1,FALSE,FALSE,"Santiago, Chile"
881669300892905473,ignacilla,2017-07-03T00:21:56Z,"No entiendo porque les llama la atención la gran cantidad de personas inscritas ""involuntariamente"" en partidos políticos. No es novedad!!!",0,0,FALSE,FALSE,"Santiago, Chile"
881664732092133376,strogon_of,2017-07-03T00:03:47Z,"RT @MarcelaAlt: @pablolirar eso se supone que se quiso regular haciendo que firmas de Partidos Políticos se deban hacer ante notario, enton…",0,1,TRUE,FALSE,Santiago de Chile
881661606920413186,cruceselias2,2017-07-02T23:51:22Z,RT @Reynmorales: Cuánto a penetrado el neoliberalismo en partidos políticos nuevos. Renegar del proceso que lideró Allende es un atentado a…,0,52,TRUE,FALSE,
881659554198675457,javierafres,2017-07-02T23:43:12Z,"Que rabia ��no poder votar por estar ""inscrita"" en un partido....nunca he militado ni firmado nada, que fraude partidos políticos  #votoavoto",0,0,FALSE,FALSE,"Las Condes, Chile"
881658698128650240,GalvezRosie,2017-07-02T23:39:48Z,"RT @APDiegoHM: @ServelChile Existe irregularidad con inscripción y reinscripcion a partidos políticos, que no ha sido voluntaria. Ese hecho…",0,1,TRUE,FALSE,
881648816176455681,SepulvedaxRenca,2017-07-02T23:00:32Z,RT @APDiegoHM: Debería existir una plataforma con la información de militancia en partidos políticos similar al conocer si eres vocal de me…,0,1,TRUE,FALSE,"Santiago, Chile"
881644679644807168,pabloundurragao,2017-07-02T22:44:06Z,"RT @Flavioqr: Sería muy grave que, mediante fraude, se hubiese afiliado a personas a partidos políticos. Hay muchos eventuales casos. Se de…",0,3,TRUE,FALSE,
881644404745936902,esopino,2017-07-02T22:43:00Z,@EstebanFariass No te ofendí nunca... Hay una realidad que se ve acá. Que gente aparezca inscrita en partidos polít… https://t.co/1vv4NG0y5s,0,0,FALSE,FALSE,"Santiago, Chile"
881643688245551105,APDiegoHM,2017-07-02T22:40:10Z,"@ServelChile Existe irregularidad con inscripción y reinscripcion a partidos políticos, que no ha sido voluntaria.… https://t.co/gx2Sr3ja1a",0,1,FALSE,FALSE,"Santiago, Chile"
881643516467838980,APDiegoHM,2017-07-02T22:39:29Z,Debería existir una plataforma con la información de militancia en partidos políticos similar al conocer si eres vocal de mesa. @ServelChile,11,1,FALSE,FALSE,"Santiago, Chile"
881641559434956805,CidBacaraxiii,2017-07-02T22:31:42Z,RT @marcelitux: Personas inscritas en partidos politicos y nunca han firmado por estos partidos #Primarias2017 #Chile,0,3,TRUE,FALSE,
881640922206875648,fernando161968,2017-07-02T22:29:10Z,"RT @Flavioqr: Sería muy grave que, mediante fraude, se hubiese afiliado a personas a partidos políticos. Hay muchos eventuales casos. Se de…",0,3,TRUE,FALSE,Santiago
881637093147111428,Flavioqr,2017-07-02T22:13:57Z,"Sería muy grave que, mediante fraude, se hubiese afiliado a personas a partidos políticos. Hay muchos eventuales casos. Se debe aclarar!",3,3,FALSE,FALSE,"Santiago, Chile"
881635991634706432,MarcelaAlt,2017-07-02T22:09:35Z,"@pablolirar eso se supone que se quiso regular haciendo que firmas de Partidos Políticos se deban hacer ante notario, entonces QUE PASÓ?",0,1,FALSE,FALSE,SANTIAGO-CHILE
881634102327353345,alb0black,2017-07-02T22:02:04Z,@skarrasc0 @ServelChile el comentario es para todos los partidos políticos,0,0,FALSE,FALSE,Santiago de Chile
881633281715957760,carolinagavir,2017-07-02T21:58:48Z,"RT @JoseSimons: Quienes hacen vida en partidos políticos, deben exhortar a líderes que siguen ridiculizándonos y usándonos como insulto ant…",0,1,TRUE,FALSE,
881631679332352001,MarceloGuzmanF,2017-07-02T21:52:26Z,Varios amigos aparecieron como miembros de partidos políticos.  Ellos ni siquiera nos son de izquierda.  Una vez mas fraude por parte PP.,0,0,FALSE,FALSE,Santiago de chile
881630006820163584,Jorge_26_av,2017-07-02T21:45:48Z,Mis viejos aparecieron inscritos en partidos políticos sin saber xq y no pudieron votar... quien se hace cargo? #Primarias2017,0,0,FALSE,FALSE,"Ñuñoa, Chile"
881629968966582272,naru_emily,2017-07-02T21:45:39Z,Supongo q se ha consignado en las actas las personas q no han podido votar x pertener a partidos politicos en los cuales no se inscribieron,0,0,FALSE,FALSE,Caminando entre nubes y viñas
881629697913827328,ACaballeroV,2017-07-02T21:44:34Z,Que va a pasar con los que aparecen inscritos en partidos políticos y que nunca firmaron su afiliación? No va a pasar NADA,0,0,FALSE,FALSE,"Las Condes, Chile"
881628845388029952,elMabri_,2017-07-02T21:41:11Z,"@Mandragggora Teniendo partidos políticos tan probos y decentes.
Me extraña esta burocracia en tiempos de consultas… https://t.co/HX2Lt8ylVh",0,0,FALSE,FALSE,Santiago de Chile
881627211769446401,MaacaaAlejandra,2017-07-02T21:34:41Z,"La gente firma por cada wea en la calle, por eso después aparecen en partidos políticos ��",0,0,FALSE,FALSE,"Santiago, Chile"
881626084940427264,niamonisoberano,2017-07-02T21:30:13Z,Practica muy derecha andar inscribiendo gente en los partídos políticos...  #FrenteAmplio,1,0,FALSE,FALSE,"Santiago, Chile"
881622645984415752,Mandragggora,2017-07-02T21:16:33Z,"@FerMG33_ No.
Hace poco una ley de partidos políticos los obligó a re-inscribir a sus militantes, imagina las malas… https://t.co/LjrdEazRe3",0,0,FALSE,FALSE,Santiago de Chile
881617902176280576,Carmener33,2017-07-02T20:57:42Z,RT @Arteaga1069: #Monticello Si hay cosas oscuras y sucias en Chile son los casinos y el poder del Gobierno y los partidos politicos,0,1,TRUE,FALSE,Osorno
881616410509799425,Arteaga1069,2017-07-02T20:51:46Z,#Monticello Si hay cosas oscuras y sucias en Chile son los casinos y el poder del Gobierno y los partidos politicos,1,1,FALSE,FALSE,"Providencia, Chile"
881614111561441280,N_Lazzaro,2017-07-02T20:42:38Z,@Andrea_Velasco_ Así de sin verguenzas son los partidos politicos,1,0,FALSE,FALSE,SANTIAGO CHILE
881609359767343104,xavximena,2017-07-02T20:23:45Z,RT @Reynmorales: Cuánto a penetrado el neoliberalismo en partidos políticos nuevos. Renegar del proceso que lideró Allende es un atentado a…,0,52,TRUE,FALSE,Santiago
881609312967241728,LeyhianUtreras,2017-07-02T20:23:34Z,RT @marcelitux: Siguen los problemas con personas inscritas en partidos politicos sin previa inscripción  #Primarias2017,0,1,TRUE,FALSE,
881606238706040832,marcelitux,2017-07-02T20:11:21Z,Siguen los problemas con personas inscritas en partidos politicos sin previa inscripción  #Primarias2017,0,1,FALSE,FALSE,"Chile, Santiago"
881599408512671745,Paula_delaMaza,2017-07-02T19:44:12Z,RT @el_dinamo: Votantes no pudieron sufragar por aparecer inscritos en partidos políticos equivocados https://t.co/gmIog7xayO https://t.co/…,0,9,TRUE,FALSE,"Temuco, Chile."
881599374324895744,JoseJoannon,2017-07-02T19:44:04Z,RT @el_dinamo: Votantes no pudieron sufragar por aparecer inscritos en partidos políticos equivocados https://t.co/gmIog7xayO https://t.co/…,0,9,TRUE,FALSE,"Nancagua, Chile"
881598459077427202,mabbrok,2017-07-02T19:40:26Z,RT @el_dinamo: Votantes no pudieron sufragar por aparecer inscritos en partidos políticos equivocados https://t.co/gmIog7xayO https://t.co/…,0,9,TRUE,FALSE,"Copiapó, Atacama, Chile"
881597047702511617,jopoblete1965,2017-07-02T19:34:50Z,RT @el_dinamo: Votantes no pudieron sufragar por aparecer inscritos en partidos políticos equivocados https://t.co/gmIog7xayO https://t.co/…,0,9,TRUE,FALSE,
881596236654157824,tzingane,2017-07-02T19:31:36Z,RT @el_dinamo: Votantes no pudieron sufragar por aparecer inscritos en partidos políticos equivocados https://t.co/gmIog7xayO https://t.co/…,0,9,TRUE,FALSE,
881596041845497858,perasolmo,2017-07-02T19:30:50Z,RT @el_dinamo: Votantes no pudieron sufragar por aparecer inscritos en partidos políticos equivocados https://t.co/gmIog7xayO https://t.co/…,0,9,TRUE,FALSE,Chile
881595899453071362,el_dinamo,2017-07-02T19:30:16Z,Votantes no pudieron sufragar por aparecer inscritos en partidos políticos equivocados https://t.co/gmIog7xayO https://t.co/JgcYuIYFmJ,1,9,FALSE,FALSE,"Santiago, Chile"
881594034485170177,Clay0709,2017-07-02T19:22:51Z,@macacifuentesC Apoderados son los de los partidos políticos,0,0,FALSE,FALSE,Chile
881587602113126400,__pazpaz,2017-07-02T18:57:18Z,RT @Reynmorales: Cuánto a penetrado el neoliberalismo en partidos políticos nuevos. Renegar del proceso que lideró Allende es un atentado a…,0,52,TRUE,FALSE,Chile
881585145102442496,FaresJadue,2017-07-02T18:47:32Z,RT @Reynmorales: Cuánto a penetrado el neoliberalismo en partidos políticos nuevos. Renegar del proceso que lideró Allende es un atentado a…,0,52,TRUE,FALSE,
881583891278069760,dankored,2017-07-02T18:42:33Z,RT @Reynmorales: Cuánto a penetrado el neoliberalismo en partidos políticos nuevos. Renegar del proceso que lideró Allende es un atentado a…,0,52,TRUE,FALSE,Valparaíso
881583120927141888,AgustinCorpade,2017-07-02T18:39:29Z,RT @Reynmorales: Cuánto a penetrado el neoliberalismo en partidos políticos nuevos. Renegar del proceso que lideró Allende es un atentado a…,0,52,TRUE,FALSE,
881571715909918720,KENALATEJEDORA,2017-07-02T17:54:10Z,"Quien Quienes DEBEN RESPONDER""VOTANTES INSCRITOS PARTIDOS POLITICOS.  SIN ELLOS SOLICITAR. FIRMAR SERVEL.... https://t.co/s0soNZ63en",0,0,FALSE,FALSE,santiago de chile 
881571680216375297,KENALATEJEDORA,2017-07-02T17:54:02Z,"Quien Quienes DEBEN RESPONDER""VOTANTES INSCRITOS PARTIDOS POLITICOS.  SIN ELLOS SOLICITAR. FIRMAR SERVEL. INEFICIEN… https://t.co/IU7IU9OnAR",0,0,FALSE,FALSE,santiago de chile 
881571489413246978,Namelesstephy,2017-07-02T17:53:16Z,RT @marcelitux: Personas inscritas en partidos politicos y nunca han firmado por estos partidos #Primarias2017 #Chile,0,3,TRUE,FALSE,
881569573136474113,marcelitux,2017-07-02T17:45:39Z,"Problemas en votaciones, por inscripciones en partidos políticos, en #Primarias2017 #Chile",0,0,FALSE,FALSE,"Chile, Santiago"
881569442756538368,Loveislikeair,2017-07-02T17:45:08Z,RT @marcelitux: Personas inscritas en partidos politicos y nunca han firmado por estos partidos #Primarias2017 #Chile,0,3,TRUE,FALSE,Gotham
881568447032954880,marcelitux,2017-07-02T17:41:11Z,Personas inscritas en partidos politicos y nunca han firmado por estos partidos #Primarias2017 #Chile,0,3,FALSE,FALSE,"Chile, Santiago"
881561787858137089,naru_emily,2017-07-02T17:14:43Z,Partidos políticos falsificando firmas... https://t.co/kysVczhLSF,0,0,FALSE,FALSE,Caminando entre nubes y viñas
881550534188072960,Juanignaciova16,2017-07-02T16:30:00Z,"@marlenolivari Igual me interesan más Las Finales que las Primarias 
Más los partidos de fútbol que los partidos Po… https://t.co/Gv1Zulofpl",0,0,FALSE,FALSE,Santiago De Chile.
881549749480038400,KENALATEJEDORA,2017-07-02T16:26:53Z,Personas inscritas en PARTIDOS. POLITICOS. SIN QUE ELLOS LO SOLICITARAN.QUIEN RESPONDE??  IMPOSIBILITADOS DE... https://t.co/VkZe0OIQnL,0,0,FALSE,FALSE,santiago de chile 
881549336311738369,Juanignaciova16,2017-07-02T16:25:14Z,"@marcoporchile Me interesan más los partidos de fútbol que los partidos políticos
Me interesan más Las Finales que las Primarias.",0,0,FALSE,FALSE,Santiago De Chile.
881547075703513088,Juanignaciova16,2017-07-02T16:16:15Z,"@jajalderon Jaja.. es que a muchos les interesa más los partidos de fútbol que los partidos políticos.
Les interesa… https://t.co/yrX8TOdIrI",0,0,FALSE,FALSE,Santiago De Chile.
881527617807101952,Gonzalillo3,2017-07-02T14:58:56Z,Yo juraba que las primarias eran exclusivas para los weones inscritos en partidos políticos. Esta semana me entere que cualquiera puede ir,0,1,FALSE,FALSE,"Santiago, Chile"
881524133728792577,evgonzalez88,2017-07-02T14:45:06Z,"@p_santamariam quién fiscaliza a partidos políticos quienes en su afán de refichar adeptos, inscribieron a independ. contra su voluntad?",0,0,FALSE,FALSE,Santiago
881522938406551556,CinthyMiskulini,2017-07-02T14:40:21Z,RT @Reynmorales: Cuánto a penetrado el neoliberalismo en partidos políticos nuevos. Renegar del proceso que lideró Allende es un atentado a…,0,52,TRUE,FALSE,
881516457082978305,PaolaAndreaCZ,2017-07-02T14:14:35Z,RT @sergioseguelm: Exacto: hay que distinguir entre los funcionarios y el Consejo Directivo formado por militantes de partidos políticos ht…,0,1,TRUE,FALSE,
881516252258328576,sergioseguelm,2017-07-02T14:13:46Z,Exacto: hay que distinguir entre los funcionarios y el Consejo Directivo formado por militantes de partidos polític… https://t.co/x0tfWGlnuR,0,1,FALSE,FALSE,"Santiago, Chile"
881513804655349760,Claudio_Quezada,2017-07-02T14:04:03Z,"Ahí está la cosa, las primarias son organizadas por los partidos políticos y como no estoy ni ahí con ellos...

https://t.co/neKAoV9KHs",0,0,FALSE,FALSE,"Santiago, chile"
881513288026259457,SraAlejandra,2017-07-02T14:02:00Z,RT @Reynmorales: Cuánto a penetrado el neoliberalismo en partidos políticos nuevos. Renegar del proceso que lideró Allende es un atentado a…,0,52,TRUE,FALSE,"Antofagasta, Chile"
881512002425950208,raquel_quevedo,2017-07-02T13:56:53Z,"Bravo! Tarde... pero al fin hay representación de todos los partidos políticos! Feliz Orgullo!
https://t.co/FUTYF4GlmH",0,0,FALSE,FALSE,"Santiago, Metropolitana de Santiago"
881511081369370628,AlonsoFerreiraV,2017-07-02T13:53:14Z,RT @Reynmorales: Cuánto a penetrado el neoliberalismo en partidos políticos nuevos. Renegar del proceso que lideró Allende es un atentado a…,0,52,TRUE,FALSE,"Arica-Antofagasta,Chile."
881508642041851904,juan_urra,2017-07-02T13:43:32Z,RT @Reynmorales: Cuánto a penetrado el neoliberalismo en partidos políticos nuevos. Renegar del proceso que lideró Allende es un atentado a…,0,52,TRUE,FALSE,"Lo Hermida, Peñalolen."
881505225336598529,ValentinaVarGut,2017-07-02T13:29:57Z,RT @Reynmorales: Cuánto a penetrado el neoliberalismo en partidos políticos nuevos. Renegar del proceso que lideró Allende es un atentado a…,0,52,TRUE,FALSE,Santiago
881400673472049152,Vladimi42790275,2017-07-02T06:34:30Z,RT @Reynmorales: Cuánto a penetrado el neoliberalismo en partidos políticos nuevos. Renegar del proceso que lideró Allende es un atentado a…,0,52,TRUE,FALSE,
881384575355768836,Alicia_Parra,2017-07-02T05:30:32Z,"@patito_2307 @petpet445 @eldesconcierto El mayor problema de la NM no es Bachelet, si no, la tropa de partidos polí… https://t.co/DdC9VtPds0",0,0,FALSE,FALSE," Santiago, Chile"
881372299445841921,jpablodonoso,2017-07-02T04:41:45Z,RT @Reynmorales: Cuánto a penetrado el neoliberalismo en partidos políticos nuevos. Renegar del proceso que lideró Allende es un atentado a…,0,52,TRUE,FALSE,Chile
881361083629424641,frnmrls,2017-07-02T03:57:11Z,RT @Reynmorales: Cuánto a penetrado el neoliberalismo en partidos políticos nuevos. Renegar del proceso que lideró Allende es un atentado a…,0,52,TRUE,FALSE,"Puente Alto, Chile"
881351122589540353,crhidalgo,2017-07-02T03:17:36Z,RT @Reynmorales: Cuánto a penetrado el neoliberalismo en partidos políticos nuevos. Renegar del proceso que lideró Allende es un atentado a…,0,52,TRUE,FALSE,Chile
881334625544675328,SoniaRasjidoA,2017-07-02T02:12:03Z,RT @Reynmorales: Cuánto a penetrado el neoliberalismo en partidos políticos nuevos. Renegar del proceso que lideró Allende es un atentado a…,0,52,TRUE,FALSE,"La Calera, Chile"
881332945658810368,GFigueroaAG,2017-07-02T02:05:23Z,RT @Reynmorales: Cuánto a penetrado el neoliberalismo en partidos políticos nuevos. Renegar del proceso que lideró Allende es un atentado a…,0,52,TRUE,FALSE,RUTA 68 
881329406358290433,Axel_Troncoso,2017-07-02T01:51:19Z,"@AleGuinPo Más allá de partidos políticos, ojalá estemos a la altura del proceso.",0,0,FALSE,FALSE,Santiago de Chile
881315891308310528,usetxe,2017-07-02T00:57:37Z,Es como coger una columna de opinión y cambiar tres frases para alterar su sentido. Es un robo descarado https://t.co/3dE6jLfInq,0,0,FALSE,FALSE,"Las Condes, Chile"
881313611771236352,RocioAranguez,2017-07-02T00:48:33Z,RT @Reynmorales: Cuánto a penetrado el neoliberalismo en partidos políticos nuevos. Renegar del proceso que lideró Allende es un atentado a…,0,52,TRUE,FALSE,
881302740441235456,JJCCVCosta,2017-07-02T00:05:21Z,RT @Reynmorales: Cuánto a penetrado el neoliberalismo en partidos políticos nuevos. Renegar del proceso que lideró Allende es un atentado a…,0,52,TRUE,FALSE,"Valparaíso, Chile"
881290318892720128,diepazen,2017-07-01T23:16:00Z,Los partidos políticos no han hecho nada por las personas migrantes. #SoyMigrante,0,1,FALSE,FALSE,"Santiago, Chile"
881287841787125760,alfadeltagama,2017-07-01T23:06:09Z,RT @Reynmorales: Cuánto a penetrado el neoliberalismo en partidos políticos nuevos. Renegar del proceso que lideró Allende es un atentado a…,0,52,TRUE,FALSE,iquique
881266333551296512,JaviHausdorf,2017-07-01T21:40:41Z,RT @Reynmorales: Cuánto a penetrado el neoliberalismo en partidos políticos nuevos. Renegar del proceso que lideró Allende es un atentado a…,0,52,TRUE,FALSE,
881264007209943040,locoadams,2017-07-01T21:31:27Z,@jlfeliperozas @Guiller07007019 @ManuelDTP En las primarias solo le estas ahorrando el trabajo a los partidos polít… https://t.co/VCwZPa3Gp0,0,0,FALSE,FALSE,"Santiago, Chile"
881262145408827392,DafneConchaF,2017-07-01T21:24:03Z,RT @Reynmorales: Cuánto a penetrado el neoliberalismo en partidos políticos nuevos. Renegar del proceso que lideró Allende es un atentado a…,0,52,TRUE,FALSE,Chile
881261675114098688,MartinBarrosG,2017-07-01T21:22:11Z,"@CoheteChileno @jcoulon @Ramonsofo @Janobobadilla estimado, a leer: 

- YOCELEVZKY, R., ""Chile: partidos políticos,… https://t.co/D3gWJ787dm",0,0,FALSE,FALSE,"Santiago, Chile"
881251069359271936,fcosanchezu,2017-07-01T20:40:02Z,"@sergioulloa1 @patricionavia propiedad privada, tránsito, balance de poder, transferencia de poder, 3 plebiscitos, ley partidos políticos...",0,0,FALSE,FALSE,Santiago
881242167951470592,papademihijo,2017-07-01T20:04:40Z,las primarias son un invento para el refichaje a partidos políticos de todos lados... pero...¡¡¡el honorable público no lo ve!!!,0,0,FALSE,FALSE,"Santiago, Chile"
881237327124848642,PresoMapache,2017-07-01T19:45:26Z,RT @Reynmorales: Cuánto a penetrado el neoliberalismo en partidos políticos nuevos. Renegar del proceso que lideró Allende es un atentado a…,0,52,TRUE,FALSE,"Linares, Santiago, Concepción"
881234433772314626,LaraMarcial,2017-07-01T19:33:56Z,RT @Reynmorales: Cuánto a penetrado el neoliberalismo en partidos políticos nuevos. Renegar del proceso que lideró Allende es un atentado a…,0,52,TRUE,FALSE,"Santiago, Chile."
881227139768393728,JJCCSanFdo,2017-07-01T19:04:57Z,RT @Reynmorales: Cuánto a penetrado el neoliberalismo en partidos políticos nuevos. Renegar del proceso que lideró Allende es un atentado a…,0,52,TRUE,FALSE,"San Fernando, Chile"
881226020669534208,McoVtrio,2017-07-01T19:00:30Z,RT @Reynmorales: Cuánto a penetrado el neoliberalismo en partidos políticos nuevos. Renegar del proceso que lideró Allende es un atentado a…,0,52,TRUE,FALSE,Ancud Chiloe
881221230552023044,pochocleitor,2017-07-01T18:41:28Z,RT @Reynmorales: Cuánto a penetrado el neoliberalismo en partidos políticos nuevos. Renegar del proceso que lideró Allende es un atentado a…,0,52,TRUE,FALSE,entre el polo este y el oeste.
881219942074503168,MarisolAntilef,2017-07-01T18:36:21Z,RT @Reynmorales: Cuánto a penetrado el neoliberalismo en partidos políticos nuevos. Renegar del proceso que lideró Allende es un atentado a…,0,52,TRUE,FALSE,
881219831407751172,GabrielMuozG1,2017-07-01T18:35:54Z,RT @Reynmorales: Cuánto a penetrado el neoliberalismo en partidos políticos nuevos. Renegar del proceso que lideró Allende es un atentado a…,0,52,TRUE,FALSE,Latinoamerica Libre 
881219233635545088,atejedaa,2017-07-01T18:33:32Z,RT @Reynmorales: Cuánto a penetrado el neoliberalismo en partidos políticos nuevos. Renegar del proceso que lideró Allende es un atentado a…,0,52,TRUE,FALSE,La Reina - Santiago
881218216315564034,Lucha_x_ti,2017-07-01T18:29:29Z,RT @Reynmorales: Cuánto a penetrado el neoliberalismo en partidos políticos nuevos. Renegar del proceso que lideró Allende es un atentado a…,0,52,TRUE,FALSE,Internacional
881218072526368769,Comunistasmaipu,2017-07-01T18:28:55Z,RT @Reynmorales: Cuánto a penetrado el neoliberalismo en partidos políticos nuevos. Renegar del proceso que lideró Allende es un atentado a…,0,52,TRUE,FALSE,"Maipú, Chile"
881217618518179840,jukparra,2017-07-01T18:27:07Z,RT @Reynmorales: Cuánto a penetrado el neoliberalismo en partidos políticos nuevos. Renegar del proceso que lideró Allende es un atentado a…,0,52,TRUE,FALSE,
881217093139664896,titomedinaneira,2017-07-01T18:25:01Z,RT @Reynmorales: Cuánto a penetrado el neoliberalismo en partidos políticos nuevos. Renegar del proceso que lideró Allende es un atentado a…,0,52,TRUE,FALSE,Chile
881216702876463108,politrukz,2017-07-01T18:23:28Z,RT @Reynmorales: Cuánto a penetrado el neoliberalismo en partidos políticos nuevos. Renegar del proceso que lideró Allende es un atentado a…,0,52,TRUE,FALSE,"Santiago, Wallmapu, Friendzone"
881216035692707840,Cartarbri,2017-07-01T18:20:49Z,RT @Reynmorales: Cuánto a penetrado el neoliberalismo en partidos políticos nuevos. Renegar del proceso que lideró Allende es un atentado a…,0,52,TRUE,FALSE,
881215878670503937,cami_carrascoh,2017-07-01T18:20:12Z,RT @Reynmorales: Cuánto a penetrado el neoliberalismo en partidos políticos nuevos. Renegar del proceso que lideró Allende es un atentado a…,0,52,TRUE,FALSE,Santiago de Chile
881215801876983810,cron1411,2017-07-01T18:19:54Z,RT @Reynmorales: Cuánto a penetrado el neoliberalismo en partidos políticos nuevos. Renegar del proceso que lideró Allende es un atentado a…,0,52,TRUE,FALSE,
881214917684199424,Carvajaltoco,2017-07-01T18:16:23Z,RT @Reynmorales: Cuánto a penetrado el neoliberalismo en partidos políticos nuevos. Renegar del proceso que lideró Allende es un atentado a…,0,52,TRUE,FALSE,Tocopilla 
881213678456111105,FelipeEsbir,2017-07-01T18:11:27Z,RT @Reynmorales: Cuánto a penetrado el neoliberalismo en partidos políticos nuevos. Renegar del proceso que lideró Allende es un atentado a…,0,52,TRUE,FALSE,Santiago
881213514819436544,javillegasgm,2017-07-01T18:10:48Z,RT @Reynmorales: Cuánto a penetrado el neoliberalismo en partidos políticos nuevos. Renegar del proceso que lideró Allende es un atentado a…,0,52,TRUE,FALSE,
881208602165432321,PerroSovietico,2017-07-01T17:51:17Z,RT @Reynmorales: Cuánto a penetrado el neoliberalismo en partidos políticos nuevos. Renegar del proceso que lideró Allende es un atentado a…,0,52,TRUE,FALSE,"Santiago, Chile "
881205234751741952,Ejhose,2017-07-01T17:37:54Z,"RT @JoseSimons: @Ejhose Exactamente, en ambos bandos y cada activista dentro de sus partidos políticos, debe exhortar a sus líderes.",0,1,TRUE,FALSE,"Caracas, Venezuela"
881205071089999872,susanaaliste,2017-07-01T17:37:15Z,RT @Reynmorales: Cuánto a penetrado el neoliberalismo en partidos políticos nuevos. Renegar del proceso que lideró Allende es un atentado a…,0,52,TRUE,FALSE,La Serena - Chile
881204645640765442,RaquelAranguez,2017-07-01T17:35:34Z,RT @Reynmorales: Cuánto a penetrado el neoliberalismo en partidos políticos nuevos. Renegar del proceso que lideró Allende es un atentado a…,0,52,TRUE,FALSE,
881204565068177408,JoseSimons,2017-07-01T17:35:14Z,"@Ejhose Exactamente, en ambos bandos y cada activista dentro de sus partidos políticos, debe exhortar a sus líderes.",0,1,FALSE,FALSE,"Santiago, Chile"
881204045054181376,locoadams,2017-07-01T17:33:10Z,"@infostructuras Lo de Argentina es más complejo aún, es un país muy atomizado con muchos caudillismos locales. Tien… https://t.co/d5p2A6VVgd",0,0,FALSE,FALSE,"Santiago, Chile"
881202749102329856,BedRazors,2017-07-01T17:28:01Z,RT @Reynmorales: Cuánto a penetrado el neoliberalismo en partidos políticos nuevos. Renegar del proceso que lideró Allende es un atentado a…,0,52,TRUE,FALSE,
881202491676704768,AndreMoreauL,2017-07-01T17:27:00Z,RT @Reynmorales: Cuánto a penetrado el neoliberalismo en partidos políticos nuevos. Renegar del proceso que lideró Allende es un atentado a…,0,52,TRUE,FALSE,Chile
881201419214241792,erikacabe,2017-07-01T17:22:44Z,RT @Reynmorales: Cuánto a penetrado el neoliberalismo en partidos políticos nuevos. Renegar del proceso que lideró Allende es un atentado a…,0,52,TRUE,FALSE,
881201352357163009,chuncharoja,2017-07-01T17:22:28Z,RT @Reynmorales: Cuánto a penetrado el neoliberalismo en partidos políticos nuevos. Renegar del proceso que lideró Allende es un atentado a…,0,52,TRUE,FALSE,
881201243837919233,NachoRojasC,2017-07-01T17:22:03Z,RT @Reynmorales: Cuánto a penetrado el neoliberalismo en partidos políticos nuevos. Renegar del proceso que lideró Allende es un atentado a…,0,52,TRUE,FALSE,Santiago 
881201180034162689,PCdeChile,2017-07-01T17:21:47Z,RT @Reynmorales: Cuánto a penetrado el neoliberalismo en partidos políticos nuevos. Renegar del proceso que lideró Allende es un atentado a…,0,52,TRUE,FALSE,Chile
881200840656211969,Reynmorales,2017-07-01T17:20:26Z,Cuánto a penetrado el neoliberalismo en partidos políticos nuevos. Renegar del proceso que lideró Allende es un atentado al pueblo chileno,62,52,FALSE,FALSE,"Pudahuel, Chile"
881198109828685824,CHinoJoK,2017-07-01T17:09:35Z,"@Politicida74 @sergioulloa1 Y regalando nuestros dineros a ineptos, inútiles y muchos políticos pertenecientes a su… https://t.co/Gk3Xi6tSR9",0,0,FALSE,FALSE,QUILICURA
881197319131205634,jjperezk,2017-07-01T17:06:27Z,"@andresporfiao @RNchile @mjossandon Resultados de primarias de coalición electorera y no de partidos políticos, exi… https://t.co/FeKlTMTTRu",0,0,FALSE,FALSE,"Huechuraba, Chile"
881191383964545024,Valezka38,2017-07-01T16:42:52Z,Todas las personas q no están inscritas en partidos políticos mañana pueden votar. Cuidemos nuestra democracia! Cumpla su deber cívico #A2,1,0,FALSE,FALSE,Chile
881188614125875200,locoadams,2017-07-01T16:31:51Z,Cuando al ir a votar a las primarias no se ejerce un derecho cívico más bien uno le está haciendo un tremendo favor a los partidos políticos,0,0,FALSE,FALSE,"Santiago, Chile"
881185147193888768,NachoFacho,2017-07-01T16:18:05Z,"RT @JoseSimons: Hay que promover la deconstrucción de prejuicios inhumanizantes, que en el seno de partidos políticos juegan a seguir invis…",0,1,TRUE,FALSE,
881184277559463936,JoseSimons,2017-07-01T16:14:38Z,"Quienes hacen vida en partidos políticos, deben exhortar a líderes que siguen ridiculizándonos y usándonos como insulto ante sus oponentes.",3,1,FALSE,FALSE,"Santiago, Chile"
881183522656055296,JoseSimons,2017-07-01T16:11:38Z,"Hay que promover la deconstrucción de prejuicios inhumanizantes, que en el seno de partidos políticos juegan a seguir invisivilizándonos.",0,1,FALSE,FALSE,"Santiago, Chile"
881178643074076673,vktor_bg,2017-07-01T15:52:14Z,"RT @JoseSimons: Pero por nada del mundo, debemos permitir que ni empresas privadas ni partidos políticos secuestren nuestro clamor.",0,1,TRUE,FALSE,Maracay - Venezuela
881178445677461504,geeminis12,2017-07-01T15:51:27Z,"A votar por una mejor gestión..? Estimado son primarias. Las primarias competen solo a los partidos políticos, no a… https://t.co/DFbxWlm8UN",0,0,FALSE,FALSE,"Santiago, Chile"
881176589920333828,JoseSimons,2017-07-01T15:44:05Z,"Pero por nada del mundo, debemos permitir que ni empresas privadas ni partidos políticos secuestren nuestro clamor.",2,1,FALSE,FALSE,"Santiago, Chile"
881149858941292544,HernanGajardo75,2017-07-01T13:57:52Z,@DeCerroaMar @CristianOteizaD @arojo @gabrielboric @guillier Todos pueden votar exceptuando a los adherentes de par… https://t.co/xAyekyqBih,0,0,FALSE,FALSE,
881008081597075456,AntonietaMJ,2017-07-01T04:34:29Z,"#PrimerPlano sería un buen semillero para los partidos políticos actuales, ojo ahí. Zorrones, ahueonaos... Excelentes candidatos",0,0,FALSE,FALSE,Santiago y Pucón 
881007219617267713,chanipati,2017-07-01T04:31:04Z,"Y tú crees que todos votamos por partidos políticos? Estás muuuy equivocado, muchos votamos por personas, piensa un… https://t.co/F1YP8dKklq",0,0,FALSE,FALSE,"Las Condes, Santiago de Chile"
880988942476115968,jaimesponda,2017-07-01T03:18:26Z,"@SergioF27402165 Muy bien, pero tampoco estoy contigo, que apoyaste una dictadura que proscribió los partidos polít… https://t.co/B35wnsN0bF",0,0,FALSE,FALSE,Santiago de Chile
880988383509721088,scatalanz,2017-07-01T03:16:13Z,"RT @b1mbo: Sorry, pero en qué momento ir a las primarias de ciertos partidos políticos se convirtió en deber cívico? ��",0,56,TRUE,FALSE,"La Serena, Chile (LSC)"
880988185332940802,ferstroan,2017-07-01T03:15:26Z,"RT @b1mbo: Sorry, pero en qué momento ir a las primarias de ciertos partidos políticos se convirtió en deber cívico? ��",0,56,TRUE,FALSE, Chile
880987959247417344,Eriolo,2017-07-01T03:14:32Z,"RT @b1mbo: Sorry, pero en qué momento ir a las primarias de ciertos partidos políticos se convirtió en deber cívico? ��",0,56,TRUE,FALSE,"Santiago, Chile"
880980241388376064,kalki_dave,2017-07-01T02:43:52Z,"RT @b1mbo: Sorry, pero en qué momento ir a las primarias de ciertos partidos políticos se convirtió en deber cívico? ��",0,56,TRUE,FALSE,
880973686978826245,Fbahamondesj,2017-07-01T02:17:49Z,"@el_dinamo Si los partidos politicos se financian con aportes de las empresas, ahí si que vamos por mal camino...",0,0,FALSE,FALSE,Chile - Santiago
880972446853189632,RAUZARZURI,2017-07-01T02:12:53Z,"Este domingo,personas q estaban inscritas en partidos políticos y qno se reficharon, no pueden votar. Debió existir desafiliación automática",0,0,FALSE,FALSE,Santiago de Chile
880965636167532544,Claudio_Quezada,2017-07-01T01:45:49Z,Entiendo que las primarias son elecciones para que los partidos políticos se pongan de acuerdo respecto de qué candidato presentarán o no ��,0,0,FALSE,FALSE,"Santiago, chile"
880962792093868032,cerodma,2017-07-01T01:34:31Z,"Gravísima denuncia, que debe ser INVESTIGADA para TODOS los partidos políticos.
Yo tb tengo muchas dudas debido a l… https://t.co/fC4K8XRsvG",0,0,FALSE,FALSE,
880938106307956737,joseluis4765012,2017-06-30T23:56:26Z,"@carmenglom Esto nos pasa por estúpidos,creer que para refundar la democracia había que inscribirse en estas mafias… https://t.co/E43qPvOBmp",0,0,FALSE,FALSE,"Las Condes, Chile"
880914035910164480,Eliaswbm,2017-06-30T22:20:47Z,"RT @b1mbo: Sorry, pero en qué momento ir a las primarias de ciertos partidos políticos se convirtió en deber cívico? ��",0,56,TRUE,FALSE,Chile
880907046509531144,jaramoronix,2017-06-30T21:53:01Z,"RT @b1mbo: Sorry, pero en qué momento ir a las primarias de ciertos partidos políticos se convirtió en deber cívico? ��",0,56,TRUE,FALSE,"Ñuñoa, Chile"
880905674082795520,litocesar,2017-06-30T21:47:33Z,"RT @b1mbo: Sorry, pero en qué momento ir a las primarias de ciertos partidos políticos se convirtió en deber cívico? ��",0,56,TRUE,FALSE,Santiago de Chile
880883507014381568,lupalmadiaz,2017-06-30T20:19:28Z,"RT @b1mbo: Sorry, pero en qué momento ir a las primarias de ciertos partidos políticos se convirtió en deber cívico? ��",0,56,TRUE,FALSE,"Concepción, Chile"
880877293169672192,borisros,2017-06-30T19:54:47Z,"@felipekast Ese pensamiento tan egoísta de los partidos políticos, son ellos o no es ninguno, así están también, co… https://t.co/7RsiI5sCwH",1,0,FALSE,FALSE,Santiago Chile
880862648761544704,ValleOrlando,2017-06-30T18:56:35Z,"RT @b1mbo: Sorry, pero en qué momento ir a las primarias de ciertos partidos políticos se convirtió en deber cívico? ��",0,56,TRUE,FALSE,Viña del Mar
880848416351322112,MaringueAlbo,2017-06-30T18:00:02Z,"RT @b1mbo: Sorry, pero en qué momento ir a las primarias de ciertos partidos políticos se convirtió en deber cívico? ��",0,56,TRUE,FALSE,
880840752661753860,jorgegb_91,2017-06-30T17:29:35Z,"RT @b1mbo: Sorry, pero en qué momento ir a las primarias de ciertos partidos políticos se convirtió en deber cívico? ��",0,56,TRUE,FALSE,
880840481273516032,bvdbara,2017-06-30T17:28:30Z,"RT @b1mbo: Sorry, pero en qué momento ir a las primarias de ciertos partidos políticos se convirtió en deber cívico? ��",0,56,TRUE,FALSE,Raccoon City 
880838641840529409,paulaleals,2017-06-30T17:21:12Z,"RT @b1mbo: Sorry, pero en qué momento ir a las primarias de ciertos partidos políticos se convirtió en deber cívico? ��",0,56,TRUE,FALSE,"Santiago, Chile"
880834958088187906,xbrahm,2017-06-30T17:06:33Z,"RT @b1mbo: Sorry, pero en qué momento ir a las primarias de ciertos partidos políticos se convirtió en deber cívico? ��",0,56,TRUE,FALSE,"Santiago, Chile"
880831482830434305,pinaskius,2017-06-30T16:52:45Z,"RT @b1mbo: Sorry, pero en qué momento ir a las primarias de ciertos partidos políticos se convirtió en deber cívico? ��",0,56,TRUE,FALSE,"San Pedro de La Paz, Chile"
880830530551468035,andres_jiron,2017-06-30T16:48:58Z,Nefasto resulta que Consejo Directivo Servel esté compuesto por representantes de partidos politicos tradicionales.… https://t.co/3zMp3oqBjg,0,0,FALSE,FALSE,Santiago de Chile
880830497101885441,Ilieol,2017-06-30T16:48:50Z,"RT @b1mbo: Sorry, pero en qué momento ir a las primarias de ciertos partidos políticos se convirtió en deber cívico? ��",0,56,TRUE,FALSE,Chile
880829993898713092,RepFederalChile,2017-06-30T16:46:50Z,RT @dd6195c64d924c6: @goveme @RepFederalChile Cuando cambie el gob seguramente van a ir a los penales los partidos politicos q la justicia…,0,1,TRUE,FALSE,Chile
880829208339124224,Danoninada,2017-06-30T16:43:42Z,"RT @b1mbo: Sorry, pero en qué momento ir a las primarias de ciertos partidos políticos se convirtió en deber cívico? ��",0,56,TRUE,FALSE,
880808978682454016,_Moniqui,2017-06-30T15:23:19Z,"RT @b1mbo: Sorry, pero en qué momento ir a las primarias de ciertos partidos políticos se convirtió en deber cívico? ��",0,56,TRUE,FALSE,"Santiago, Chile"
880799176925339649,rotadechape,2017-06-30T14:44:22Z,"RT @b1mbo: Sorry, pero en qué momento ir a las primarias de ciertos partidos políticos se convirtió en deber cívico? ��",0,56,TRUE,FALSE,
880798108912934913,dd6195c64d924c6,2017-06-30T14:40:08Z,@goveme @RepFederalChile Cuando cambie el gob seguramente van a ir a los penales los partidos politicos q la justic… https://t.co/M94zp0Lw9q,0,1,FALSE,FALSE,"Melipilla, Santiago de Chile"
880796662335238148,toledo_campos,2017-06-30T14:34:23Z,"RT @b1mbo: Sorry, pero en qué momento ir a las primarias de ciertos partidos políticos se convirtió en deber cívico? ��",0,56,TRUE,FALSE,"R.Metropolitana, Chile"
880787483046404096,CamilaMunoz_C,2017-06-30T13:57:54Z,"RT @b1mbo: Sorry, pero en qué momento ir a las primarias de ciertos partidos políticos se convirtió en deber cívico? ��",0,56,TRUE,FALSE,"Santiago , Chile"
880771456505974784,clodette_munoz,2017-06-30T12:54:13Z,RT @CFachinetti: @Borincho @clodette_munoz @Cutchile @anefchile @GobiernodeChile Lo peor q nos ha pasado es q existan dirigentes sindicales…,0,1,TRUE,FALSE,Santiago 
880771455755145216,kmendoza53,2017-06-30T12:54:13Z,RT @pato_herrera: @brigadachacon @margamarcha Hay adherentes q no estan en partidos politicos.. Esos adherentes estan habilitado para votar…,0,1,TRUE,FALSE,
880771310405734400,CFachinetti,2017-06-30T12:53:38Z,@Borincho @clodette_munoz @Cutchile @anefchile @GobiernodeChile Lo peor q nos ha pasado es q existan dirigentes sin… https://t.co/TZdJR3OvXL,3,1,FALSE,FALSE,Santiago de Chile
880753668387196929,pato_herrera,2017-06-30T11:43:32Z,@brigadachacon @margamarcha Hay adherentes q no estan en partidos politicos.. Esos adherentes estan habilitado para votar si quisiera...,1,1,FALSE,FALSE,"Santiago, Chile"
880683275534118912,pescador50,2017-06-30T07:03:49Z,"RT @b1mbo: Sorry, pero en qué momento ir a las primarias de ciertos partidos políticos se convirtió en deber cívico? ��",0,56,TRUE,FALSE,Chile
880650211944693761,pame_garmal,2017-06-30T04:52:26Z,"RT @b1mbo: Sorry, pero en qué momento ir a las primarias de ciertos partidos políticos se convirtió en deber cívico? ��",0,56,TRUE,FALSE,"Coronel, Chile"
880649996844007425,catapia,2017-06-30T04:51:35Z,"RT @b1mbo: Sorry, pero en qué momento ir a las primarias de ciertos partidos políticos se convirtió en deber cívico? ��",0,56,TRUE,FALSE,Chile
880648615605268480,ja9_albarran,2017-06-30T04:46:06Z,"RT @b1mbo: Sorry, pero en qué momento ir a las primarias de ciertos partidos políticos se convirtió en deber cívico? ��",0,56,TRUE,FALSE,"Coronel, Chile"
880641549146755073,yuyin_2606,2017-06-30T04:18:01Z,"RT @MlGUELMRPC: #Vertigo2017 Mientras los partidos políticos ""tapan"" ����������",0,1,TRUE,FALSE,Calbuco
880641273128005632,MlGUELMRPC,2017-06-30T04:16:55Z,"#Vertigo2017 Mientras los partidos políticos ""tapan"" ����������",2,1,FALSE,FALSE,"Santiago, Chile"
880630095836323840,gonzozd,2017-06-30T03:32:30Z,"RT @b1mbo: Sorry, pero en qué momento ir a las primarias de ciertos partidos políticos se convirtió en deber cívico? ��",0,56,TRUE,FALSE,
880626570037219331,kathy_k_boom,2017-06-30T03:18:30Z,"RT @b1mbo: Sorry, pero en qué momento ir a las primarias de ciertos partidos políticos se convirtió en deber cívico? ��",0,56,TRUE,FALSE,Santiago
880626306291040256,sergioseguelm,2017-06-30T03:17:27Z,Andrés Velasco asegura que Ciudadanos no apoyará a ningún candidato a las presidenciales https://t.co/oGEtWUJk40,0,0,FALSE,FALSE,"Santiago, Chile"
880622907227033600,_limbs_,2017-06-30T03:03:56Z,"RT @b1mbo: Sorry, pero en qué momento ir a las primarias de ciertos partidos políticos se convirtió en deber cívico? ��",0,56,TRUE,FALSE,Ñuñork
880621103747563520,PaulaPvk,2017-06-30T02:56:46Z,"RT @b1mbo: Sorry, pero en qué momento ir a las primarias de ciertos partidos políticos se convirtió en deber cívico? ��",0,56,TRUE,FALSE,Sur South Sud
880620111476002816,gabopalmaojeda,2017-06-30T02:52:50Z,"RT @b1mbo: Sorry, pero en qué momento ir a las primarias de ciertos partidos políticos se convirtió en deber cívico? ��",0,56,TRUE,FALSE,"Copiapó, Chile"
880617120681390080,IgnacioNovoa22,2017-06-30T02:40:57Z,"RT @b1mbo: Sorry, pero en qué momento ir a las primarias de ciertos partidos políticos se convirtió en deber cívico? ��",0,56,TRUE,FALSE,Concepción
880616658708160517,pancho_sp,2017-06-30T02:39:07Z,"RT @b1mbo: Sorry, pero en qué momento ir a las primarias de ciertos partidos políticos se convirtió en deber cívico? ��",0,56,TRUE,FALSE,
880616421100838913,cortiz_it,2017-06-30T02:38:10Z,"Las primarias deben ser costeadas por los partidos politicos , no por todos los chilenos @ServelChile @GobiernodeChile #DejendeRobar",0,0,FALSE,FALSE,Santiago -  Chile
880615027807584256,Merken_1980,2017-06-30T02:32:38Z,"Si es muy imbecil este weon,y lo peor de todos que hay gente que le compra entre esos los partidos políticos q lo a… https://t.co/YuiUsXuaf7",0,0,FALSE,FALSE,Santiago
880613334273470465,Rvargasv,2017-06-30T02:25:54Z,"RT @b1mbo: Sorry, pero en qué momento ir a las primarias de ciertos partidos políticos se convirtió en deber cívico? ��",0,56,TRUE,FALSE,"Santiago, Chile"
880612398511656960,Radamanthys001,2017-06-30T02:22:11Z,"RT @b1mbo: Sorry, pero en qué momento ir a las primarias de ciertos partidos políticos se convirtió en deber cívico? ��",0,56,TRUE,FALSE,el inframundo
880612184002355200,femmenegrita,2017-06-30T02:21:20Z,"RT @b1mbo: Sorry, pero en qué momento ir a las primarias de ciertos partidos políticos se convirtió en deber cívico? ��",0,56,TRUE,FALSE,"ÜT: -33.353821,-70.672442"
880612166877007872,tevito_,2017-06-30T02:21:16Z,"RT @b1mbo: Sorry, pero en qué momento ir a las primarias de ciertos partidos políticos se convirtió en deber cívico? ��",0,56,TRUE,FALSE,"Santiago, Chile"
880611994382065664,MauroMura11,2017-06-30T02:20:35Z,"RT @b1mbo: Sorry, pero en qué momento ir a las primarias de ciertos partidos políticos se convirtió en deber cívico? ��",0,56,TRUE,FALSE,"Los Andes, Chile"
880608799505211392,bertorts,2017-06-30T02:07:53Z,"RT @b1mbo: Sorry, pero en qué momento ir a las primarias de ciertos partidos políticos se convirtió en deber cívico? ��",0,56,TRUE,FALSE,
880602872118992897,MgSequeida,2017-06-30T01:44:20Z,"RT @b1mbo: Sorry, pero en qué momento ir a las primarias de ciertos partidos políticos se convirtió en deber cívico? ��",0,56,TRUE,FALSE,"Santiago, Chile"
880599101427122176,Juanignaciova16,2017-06-30T01:29:21Z,"@RafaAraneda Prefiero los partidos de fútbol a los partidos políticos
La convocatoria deportiva tendrá más asistencia que la política.",0,0,FALSE,FALSE,Santiago De Chile.
880597684096299009,mariosantiagino,2017-06-30T01:23:43Z,"RT @b1mbo: Sorry, pero en qué momento ir a las primarias de ciertos partidos políticos se convirtió en deber cívico? ��",0,56,TRUE,FALSE,Santiago de Chile
880592525941256192,infostructuras,2017-06-30T01:03:13Z,RT @manuelsaotome: Porque no van a faltar los lloriqueos de los que no pueden votar por estar inscritos en partidos políticos que no están…,0,1,TRUE,FALSE,
880588452559024128,manuelsaotome,2017-06-30T00:47:02Z,Porque no van a faltar los lloriqueos de los que no pueden votar por estar inscritos en partidos políticos que no están en las primarias,0,1,FALSE,FALSE,Santiago
880588237093392386,evopolinunoa,2017-06-30T00:46:10Z,"Queremos partidos políticos que sean capaces de defender propuestas e ideas y no intereses personales"" felipekast… https://t.co/scVuK7gbsm",0,0,FALSE,FALSE,"Ñuñoa, Chile"
880588013050449920,evopoli,2017-06-30T00:45:17Z,"Queremos partidos políticos que sean capaces de defender propuestas e ideas y no intereses personales"" @felipekast… https://t.co/M5cjdPgs9p",18,10,FALSE,FALSE,Alberto Magno 1428 Providencia
880586377074626561,LuciManquez,2017-06-30T00:38:47Z,"RT @b1mbo: Sorry, pero en qué momento ir a las primarias de ciertos partidos políticos se convirtió en deber cívico? ��",0,56,TRUE,FALSE,
880584131125575682,mjoelizalde,2017-06-30T00:29:51Z,"RT @b1mbo: Sorry, pero en qué momento ir a las primarias de ciertos partidos políticos se convirtió en deber cívico? ��",0,56,TRUE,FALSE,"Santiago, Chile"
880584024892243968,Coke92,2017-06-30T00:29:26Z,"RT @b1mbo: Sorry, pero en qué momento ir a las primarias de ciertos partidos políticos se convirtió en deber cívico? ��",0,56,TRUE,FALSE,Viña del Mar
880583366285852672,nain_obreque,2017-06-30T00:26:49Z,"RT @b1mbo: Sorry, pero en qué momento ir a las primarias de ciertos partidos políticos se convirtió en deber cívico? ��",0,56,TRUE,FALSE,Santiago de Chile - Bs Aires
880582566654472192,Juanignaciova16,2017-06-30T00:23:38Z,"Me interesan más los partidos de fútbol que los partidos políticos
Más esperanzas y expectativas en el resultado  deportivo que en el politi",0,0,FALSE,FALSE,Santiago De Chile.
880582468000256000,Flavioqr,2017-06-30T00:23:15Z,"RT @b1mbo: Sorry, pero en qué momento ir a las primarias de ciertos partidos políticos se convirtió en deber cívico? ��",0,56,TRUE,FALSE,"Santiago, Chile"
880577747201994752,fcofing,2017-06-30T00:04:29Z,"RT @b1mbo: Sorry, pero en qué momento ir a las primarias de ciertos partidos políticos se convirtió en deber cívico? ��",0,56,TRUE,FALSE,"Santiago, Chile"
880574876716863488,edo_isc,2017-06-29T23:53:05Z,"RT @b1mbo: Sorry, pero en qué momento ir a las primarias de ciertos partidos políticos se convirtió en deber cívico? ��",0,56,TRUE,FALSE,"Ruta 68, Chile."
880574244899495936,picarte,2017-06-29T23:50:34Z,"RT @b1mbo: Sorry, pero en qué momento ir a las primarias de ciertos partidos políticos se convirtió en deber cívico? ��",0,56,TRUE,FALSE,"Santiago, Chile"
880574011268378624,jotaquezada,2017-06-29T23:49:39Z,"RT @b1mbo: Sorry, pero en qué momento ir a las primarias de ciertos partidos políticos se convirtió en deber cívico? ��",0,56,TRUE,FALSE,
880571620104036352,Flowers2dpeople,2017-06-29T23:40:09Z,"RT @b1mbo: Sorry, pero en qué momento ir a las primarias de ciertos partidos políticos se convirtió en deber cívico? ��",0,56,TRUE,FALSE,Finlandia-Chile
880571533944643584,andrescl,2017-06-29T23:39:48Z,"RT @b1mbo: Sorry, pero en qué momento ir a las primarias de ciertos partidos políticos se convirtió en deber cívico? ��",0,56,TRUE,FALSE,"Santiago, Chile"
880571474029006848,beatebaan,2017-06-29T23:39:34Z,"RT @b1mbo: Sorry, pero en qué momento ir a las primarias de ciertos partidos políticos se convirtió en deber cívico? ��",0,56,TRUE,FALSE,"Valparaíso, Chile"
880570942052859904,manuelsaotome,2017-06-29T23:37:27Z,"RT @b1mbo: Sorry, pero en qué momento ir a las primarias de ciertos partidos políticos se convirtió en deber cívico? ��",0,56,TRUE,FALSE,Santiago
880570591861985281,Estrella18__,2017-06-29T23:36:03Z,"RT @b1mbo: Sorry, pero en qué momento ir a las primarias de ciertos partidos políticos se convirtió en deber cívico? ��",0,56,TRUE,FALSE,Ex @noseastancruel_ // Chile
880570393156780035,b1mbo,2017-06-29T23:35:16Z,"Sorry, pero en qué momento ir a las primarias de ciertos partidos políticos se convirtió en deber cívico? ��",34,56,FALSE,FALSE,"Santiago, Chile"
880554207534862336,rosita_garrido,2017-06-29T22:30:57Z,"Quiénes pueden votar el 2 julio? Todos los independientes (nunca han militado en partidos políticos) y obvio, los RN, UDI y PRI.",0,0,FALSE,FALSE,"Santiago, CHILE"
880552179807006721,Juanignaciova16,2017-06-29T22:22:54Z,"@jajalderon @el_dinamo Son mucho mejores los partidos de fútbol que los partidos políticos 
Si quieren adeptos  que jueguen un partido mejor",2,0,FALSE,FALSE,Santiago De Chile.
880550316638216192,Cilebu,2017-06-29T22:15:29Z,Las bromas en redes por las embarradas de María Fernanda Cabal https://t.co/vWeEOcvxUX vía @eltiempo,0,0,FALSE,FALSE,"Santiago, Chile"
880518078072795136,Pena_Carter,2017-06-29T20:07:23Z,"@desbordes @ParancibiaZ Los votos son para las personas y no para los partidos políticos, yo soy simpatizante RN pero voto @mjossandon",0,0,FALSE,FALSE,"Santiago, Chile"
880490905496629248,mujerconhigosec,2017-06-29T18:19:25Z,"No sé qué me da más pálida, si los partidos de fútbol o los partidos políticos.",2,0,FALSE,FALSE,"Santiago, Chile"
880480177297534980,cleporati,2017-06-29T17:36:47Z,"De los 5 políticos con mayor futuro, según Cerc Mori a junio 2017; solo uno es militante de partido,Goic. Malos tie… https://t.co/VaX77WsMtU",1,1,FALSE,FALSE,
880439527583739904,BeanBeangrass4,2017-06-29T14:55:15Z,RT @andrs_jaime: @louisdegrange Quien está detrás de este derroche de dinero? Quienes son los principales favorecidos? Hay partidos o perso…,0,1,TRUE,FALSE,
880434001655345153,QuintanaChile,2017-06-29T14:33:18Z,RT @SebaGalaz: @QuintanaChile Es injusto que te obliguen a participar en un proceso de partidos politicos. Ellos no nos representan. YO VOY…,0,1,TRUE,FALSE,
880419591041822721,andrs_jaime,2017-06-29T13:36:02Z,@louisdegrange Quien está detrás de este derroche de dinero? Quienes son los principales favorecidos? Hay partidos… https://t.co/mNuonOSTal,2,1,FALSE,FALSE,"Santiago, Chile"
880410682210037760,SebaGalaz,2017-06-29T13:00:38Z,@QuintanaChile Es injusto que te obliguen a participar en un proceso de partidos politicos. Ellos no nos representan. YO VOYO #ClaudioBravo,1,1,FALSE,FALSE,"Ñuñoa, Santiago."
880403966768680960,MarcoCruzM,2017-06-29T12:33:57Z,@HolaChileLaRed #HolaChileALaFinal Partidos Políticos V/s Partido de Fútbol... Vamos La Roja...,0,0,FALSE,FALSE,Santiago de Chile
880400109984505857,aemparan,2017-06-29T12:18:37Z,El domingo las primarias es para que los ciudadanos hagan el trabajo de decirles a los partidos políticos que candidato tiene más arrastre.,0,0,FALSE,FALSE,Chile
880311093549309952,ericahenriquezo,2017-06-29T06:24:54Z,RT @EnriqueFoos: @sergioulloa1 Muy buena pregunta !!!  debiera ser un ente autónomo y no tener ningún lazo con los partidos politicos.,0,1,TRUE,FALSE,Libre pensadora 
880281448917250048,El_Chilenito16,2017-06-29T04:27:06Z,"#Viña2017 Velasco: ""No tiene sentido"" que en el Servel haya representantes de partidos políticos - 24Horas.cl… https://t.co/N6PCufTP4D",0,0,FALSE,FALSE,"Santiago, Chile"
880256285165457409,alejandro5247,2017-06-29T02:47:07Z,@T13 Estas primarias en primer lugar las tinen que hacer los partidos politicos y sus miembros y no nosotros pero s… https://t.co/RlXLjcsci7,0,0,FALSE,FALSE,santiago
880253313551347712,alex_magister,2017-06-29T02:35:18Z,"RT @CPenalUCH: ""Financiamiento de partidos políticos y Derecho Penal"" será uno de los temas del cuarto @CPenalUCH. ¡No te lo pierdas! https…",0,17,TRUE,FALSE,
880251856328548354,Belial_CL,2017-06-29T02:29:31Z,"@__Ansuz_ Apuntaba a partidos políticos que son bolsas de trabajo, y por ahí quién obtiene mayores dividendos con el ""servicio público""",0,0,FALSE,FALSE,"Santiago, Chile"
880245507901227009,Felipe_Caruso,2017-06-29T02:04:17Z,RT @Cooperativa: [Video] Ministro Campos: Los partidos políticos de la Nueva Mayoría han cometido muchos errores https://t.co/ajpmV7sRCN ht…,0,7,TRUE,FALSE,Los Angeles
880242145722068992,amanepaty,2017-06-29T01:50:56Z,RT @Cooperativa: [Video] Ministro Campos: Los partidos políticos de la Nueva Mayoría han cometido muchos errores https://t.co/ajpmV7sRCN ht…,0,7,TRUE,FALSE,
880241674097762304,sergioulloa1,2017-06-29T01:49:03Z,RT @Cooperativa: [Video] Ministro Campos: Los partidos políticos de la Nueva Mayoría han cometido muchos errores https://t.co/ajpmV7sRCN ht…,0,7,TRUE,FALSE,santiago de chile
880240406566494209,cerodma,2017-06-29T01:44:01Z,""" hay un Consejo en el SERVEL con puros representantes de partidos políticos, una institucionalidad q no da el ancho""
Andrés Velasco",2,2,FALSE,FALSE,
880238765440196608,PolyToro,2017-06-29T01:37:30Z,RT @Cooperativa: [Video] Ministro Campos: Los partidos políticos de la Nueva Mayoría han cometido muchos errores https://t.co/ajpmV7sRCN ht…,0,7,TRUE,FALSE,
880236800358436864,Petalodesal27,2017-06-29T01:29:41Z,RT @Cooperativa: [Video] Ministro Campos: Los partidos políticos de la Nueva Mayoría han cometido muchos errores https://t.co/ajpmV7sRCN ht…,0,7,TRUE,FALSE,"Graneros, Chile"
880236526982103043,pablolirar,2017-06-29T01:28:36Z,RT @Cooperativa: [Video] Ministro Campos: Los partidos políticos de la Nueva Mayoría han cometido muchos errores https://t.co/ajpmV7sRCN ht…,0,7,TRUE,FALSE,"Santiago, Chile"
880236286665162754,Cooperativa,2017-06-29T01:27:39Z,[Video] Ministro Campos: Los partidos políticos de la Nueva Mayoría han cometido muchos errores… https://t.co/Yr41w3rUo7,11,7,FALSE,FALSE,"Santiago, Chile"
880226274517581824,EnriqueFoos,2017-06-29T00:47:52Z,@sergioulloa1 Muy buena pregunta !!!  debiera ser un ente autónomo y no tener ningún lazo con los partidos politicos.,1,1,FALSE,FALSE,"Peñalolén, Chile"
880208299068706816,Sewa1313jaja,2017-06-28T23:36:26Z,"RT @Cooperativa: Ministro Campos: Los partidos políticos de la Nueva Mayoría han cometido muchos errores, como no ir a primarias https://t.…",0,1,TRUE,FALSE,LaUnión/Valdivia/Temuco :)
880207976048590848,Cooperativa,2017-06-28T23:35:09Z,"Ministro Campos: Los partidos políticos de la Nueva Mayoría han cometido muchos errores, como no ir a primarias https://t.co/nZs8w7dNyp",4,1,FALSE,FALSE,"Santiago, Chile"
880140824956329985,rasphius,2017-06-28T19:08:19Z,"RT @CPenalUCH: ""Financiamiento de partidos políticos y Derecho Penal"" será uno de los temas del cuarto @CPenalUCH. ¡No te lo pierdas! https…",0,17,TRUE,FALSE,santiago de chile
880140105255706629,TammyPe30431204,2017-06-28T19:05:27Z,RT @el_dinamo: Diez frases con las que Carola Canelo destrozó a los partidos políticos y las candidaturas de Lagos y Piñera https://t.co/sm…,0,26,TRUE,FALSE,
880137505995186176,abogadomateluna,2017-06-28T18:55:08Z,"RT @CPenalUCH: ""Financiamiento de partidos políticos y Derecho Penal"" será uno de los temas del cuarto @CPenalUCH. ¡No te lo pierdas! https…",0,17,TRUE,FALSE,
880117448187543553,RadioDuna,2017-06-28T17:35:26Z,.@AndresVelasco aseguró que @Ciudadanos__ no va a apoyar a ninguno de los candidatos para la elección presidencial… https://t.co/T2RvSleODr,0,0,FALSE,FALSE,Chile
879953250983849985,pescador50,2017-06-28T06:42:58Z,"RT @MattyLL: La primarias no son derecho de partidos políticos, ni de candidatos. Es un derecho ciudadano, derecho de tod@s, el mío #Debate…",0,6,TRUE,FALSE,Chile
879918545395748864,gonzalocornejo,2017-06-28T04:25:03Z,Felicitaciones @AndresVelasco y que le vaya bien con @CiudadanosCs ���� Partidos Políticos liberales y democráticos le hacen bien a Chile,2,0,FALSE,FALSE,"Santiago, Chile"
879907212516306945,ianbadiola,2017-06-28T03:40:02Z,"RT @CPenalUCH: ""Financiamiento de partidos políticos y Derecho Penal"" será uno de los temas del cuarto @CPenalUCH. ¡No te lo pierdas! https…",0,17,TRUE,FALSE,Chile
879889405145755648,moninmoncada,2017-06-28T02:29:16Z,"RT @CPenalUCH: ""Financiamiento de partidos políticos y Derecho Penal"" será uno de los temas del cuarto @CPenalUCH. ¡No te lo pierdas! https…",0,17,TRUE,FALSE,"La Serena, Chile"
879886320239337473,beita_guerrerop,2017-06-28T02:17:00Z,"RT @MattyLL: La primarias no son derecho de partidos políticos, ni de candidatos. Es un derecho ciudadano, derecho de tod@s, el mío #Debate…",0,6,TRUE,FALSE,Santiago de Chile
879885735326879744,frandigiovanni,2017-06-28T02:14:41Z,"RT @MattyLL: La primarias no son derecho de partidos políticos, ni de candidatos. Es un derecho ciudadano, derecho de tod@s, el mío #Debate…",0,6,TRUE,FALSE,Kame House
879884921791270915,maces65,2017-06-28T02:11:27Z,"RT @MattyLL: La primarias no son derecho de partidos políticos, ni de candidatos. Es un derecho ciudadano, derecho de tod@s, el mío #Debate…",0,6,TRUE,FALSE,en la estratosfera
879884499508744192,LuzPatriciaLeal,2017-06-28T02:09:46Z,"RT @MattyLL: La primarias no son derecho de partidos políticos, ni de candidatos. Es un derecho ciudadano, derecho de tod@s, el mío #Debate…",0,6,TRUE,FALSE,
879884276350799872,barrocoaustral,2017-06-28T02:08:53Z,"RT @MattyLL: La primarias no son derecho de partidos políticos, ni de candidatos. Es un derecho ciudadano, derecho de tod@s, el mío #Debate…",0,6,TRUE,FALSE,"viña del mar, chile"
879883239808172032,MattyLL,2017-06-28T02:04:46Z,"La primarias no son derecho de partidos políticos, ni de candidatos. Es un derecho ciudadano, derecho de tod@s, el mío #DebateFrenteAmplio",12,6,FALSE,FALSE,STGO
879882230306418689,MaxMendezp,2017-06-28T02:00:45Z,"@gebauer_r1 @N_ReyesBorquez TALIBÁN PROGRE, JUGLAR DE NIÑOS ABC1 CON PATALETA QUE ARMAN PARTIDOS POLITICOS ( R.D)",0,0,FALSE,FALSE,"Santiago, Chile"
879882170050936832,cataustral,2017-06-28T02:00:31Z,"RT @CPenalUCH: ""Financiamiento de partidos políticos y Derecho Penal"" será uno de los temas del cuarto @CPenalUCH. ¡No te lo pierdas! https…",0,17,TRUE,FALSE,
879878597510672385,mandafrutita,2017-06-28T01:46:19Z,"RT @CPenalUCH: ""Financiamiento de partidos políticos y Derecho Penal"" será uno de los temas del cuarto @CPenalUCH. ¡No te lo pierdas! https…",0,17,TRUE,FALSE,chile
879870914556547073,AntonietaNasiff,2017-06-28T01:15:47Z,"RT @CPenalUCH: ""Financiamiento de partidos políticos y Derecho Penal"" será uno de los temas del cuarto @CPenalUCH. ¡No te lo pierdas! https…",0,17,TRUE,FALSE,
879869309790629888,jpgohuaso,2017-06-28T01:09:25Z,"RT @CPenalUCH: ""Financiamiento de partidos políticos y Derecho Penal"" será uno de los temas del cuarto @CPenalUCH. ¡No te lo pierdas! https…",0,17,TRUE,FALSE,"Concepción, Chile"
879867246004375552,Verdeenazul,2017-06-28T01:01:13Z,"RT @CPenalUCH: ""Financiamiento de partidos políticos y Derecho Penal"" será uno de los temas del cuarto @CPenalUCH. ¡No te lo pierdas! https…",0,17,TRUE,FALSE,
879866907276587008,cgajardop,2017-06-28T00:59:52Z,"RT @CPenalUCH: ""Financiamiento de partidos políticos y Derecho Penal"" será uno de los temas del cuarto @CPenalUCH. ¡No te lo pierdas! https…",0,17,TRUE,FALSE,
879863452243767297,PaulinaAstrozaS,2017-06-28T00:46:08Z,"RT @CPenalUCH: ""Financiamiento de partidos políticos y Derecho Penal"" será uno de los temas del cuarto @CPenalUCH. ¡No te lo pierdas! https…",0,17,TRUE,FALSE,Concepción (Chile)
879863379657142272,_jwe,2017-06-28T00:45:51Z,"RT @CPenalUCH: ""Financiamiento de partidos políticos y Derecho Penal"" será uno de los temas del cuarto @CPenalUCH. ¡No te lo pierdas! https…",0,17,TRUE,FALSE,Chile
879860496459063298,hector_baez,2017-06-28T00:34:24Z,"@24HorasTVN Pasándose la democracia por la raja! Y todavía existen partidos políticos que lo defienden, los mismos… https://t.co/uJwoTI7rcA",0,0,FALSE,FALSE,Santiago
879860187124858880,patoasl,2017-06-28T00:33:10Z,"RT @CPenalUCH: ""Financiamiento de partidos políticos y Derecho Penal"" será uno de los temas del cuarto @CPenalUCH. ¡No te lo pierdas! https…",0,17,TRUE,FALSE,"Huechuraba, Chile"
879859874087276544,CPenalUCH,2017-06-28T00:31:55Z,"""Financiamiento de partidos políticos y Derecho Penal"" será uno de los temas del cuarto @CPenalUCH. ¡No te lo pierd… https://t.co/HllTmY0SDd",25,17,FALSE,FALSE,"Santiago, Chile"
879842496360194050,dhuina,2017-06-27T23:22:52Z,"@ServelChile entrega a partidos politicos q participan en primarias, informacion del acto electoral y sobre platafo… https://t.co/RfA1zx53R0",1,0,FALSE,FALSE,Santiago de Chile
879810041997557761,Cuervos06,2017-06-27T21:13:54Z,RT @quijote321: @Emol Perdón....quise decir gooooooool  de los partidos políticos que guardan silencio,0,1,TRUE,FALSE,
879809547636011008,quijote321,2017-06-27T21:11:56Z,@Emol Perdón....quise decir gooooooool  de los partidos políticos que guardan silencio,2,1,FALSE,FALSE,chile puente alto
879727741381353473,Jose23DX,2017-06-27T15:46:52Z,@IldeAlfonsoCM @colomba_roja Pero hay dos caras de la moneda: 1. Están los partidos políticos locales que quieren s… https://t.co/nhRlEFh3Pg,0,0,FALSE,FALSE,"Santiago, Chile"
879712476019007489,radiolaclave,2017-06-27T14:46:13Z,"""El Estado se transformó en una agencia de empleos para los partidos políticos"", @felipekast #CombinaciónMartes",1,0,FALSE,FALSE,"Santiago, Chile"
879567508059062272,HamsomBolger,2017-06-27T05:10:10Z,"#DebateChileVamos
Vamos por alguien sin partidos politicos! Alguien que no le deba nada a nadie! Errores cometemos… https://t.co/Cg8eSnqv4h",2,0,FALSE,FALSE,Santiago de Chile
879566153194115072,Azucar_rubia,2017-06-27T05:04:47Z,"Con este #DebateChileVamos solamente dan el pie para que los otros partidos políticos hablen y hagan lo q quieran, una lástima",0,0,FALSE,FALSE,"Santiago, Chile"
879559884752211970,ClauRunsAway,2017-06-27T04:39:52Z,@felipevargascc @CarlosMullerB Porq la Concertación nunca cambiaría una constitución q le es conveniente para los p… https://t.co/sQ4elcvhgs,3,1,FALSE,FALSE,Santiago de Chile
879556412178915328,ClauRunsAway,2017-06-27T04:26:04Z,"@felipevargascc @CarlosMullerB Claro,una constitución q limita los poderes sociales y q fue respaldada por una dict… https://t.co/UvE7UNKcCb",4,0,FALSE,FALSE,Santiago de Chile
879554345502748673,Luzma_LeDantec,2017-06-27T04:17:51Z,RT @AFGalaz: En que país del mundo los partidos políticos negocian con militares en retiro? El ADN los traiciona #DabateChileVamos,0,1,TRUE,FALSE,"Las Condes, Santiago de Chile "
879554254754721792,AFGalaz,2017-06-27T04:17:30Z,En que país del mundo los partidos políticos negocian con militares en retiro? El ADN los traiciona #DabateChileVamos,1,1,FALSE,FALSE,"Santiago, Chile"
879519652333981698,cjacobsenp,2017-06-27T02:00:00Z,"No solo los gobiernos, también las organizaciones, los partidos políticos, los clubes de futbol usan el populismo p… https://t.co/exYvi9iLMp",0,0,FALSE,FALSE,Santiago-Chile
879504972336988160,rvenegasventas,2017-06-27T01:01:40Z,RT @euphoriaclub10: Este es el perkin financiado por Los partidos Politicos llamado CHAPULINA y se kaga a los Hinchas de Verdad con plata¡¡…,0,1,TRUE,FALSE,Santiago Chile
879503935333179392,euphoriaclub10,2017-06-27T00:57:33Z,Este es el perkin financiado por Los partidos Politicos llamado CHAPULINA y se kaga a los Hinchas de Verdad con pla… https://t.co/WouUFUDoP1,1,1,FALSE,FALSE,Santiago Chile
879474748429918210,franja_rifu,2017-06-26T23:01:34Z,@colomba_roja como en todas las instituciones y/o partidos políticos,0,0,FALSE,FALSE,"Santiago, Chile"
879469405465346048,cfaundar,2017-06-26T22:40:20Z,Los políticos ni los partidos políticos no se calientan conmigo  ya soy un solo voto mientras hacen weones miles de votos,0,0,FALSE,FALSE,"Santiago, Chile"
879431941161930752,javieralvarado8,2017-06-26T20:11:28Z,RT @el_dinamo: Partidos políticos lideran ranking de desconfianza de los chilenos https://t.co/nE5lecZT7o https://t.co/mPaYKtNKYe,0,4,TRUE,FALSE,santiago
879417235315490816,VilmaGracia1,2017-06-26T19:13:02Z,RT @el_dinamo: Partidos políticos lideran ranking de desconfianza de los chilenos https://t.co/nE5lecZT7o https://t.co/mPaYKtNKYe,0,4,TRUE,FALSE,Valpo Chile
879415707309682688,CarmenBorbarnF,2017-06-26T19:06:58Z,RT @el_dinamo: Partidos políticos lideran ranking de desconfianza de los chilenos https://t.co/nE5lecZT7o https://t.co/mPaYKtNKYe,0,4,TRUE,FALSE,Quillota Chile
879414241681342465,el_dinamo,2017-06-26T19:01:08Z,Partidos políticos lideran ranking de desconfianza de los chilenos https://t.co/nE5lecZT7o https://t.co/mPaYKtNKYe,4,4,FALSE,FALSE,"Santiago, Chile"
879387838621638659,andresabarcan,2017-06-26T17:16:13Z,RT @opinionenlinea: El FA surgió por la calidad actual de los partidos políticos chilenos https://t.co/IaL5fvbXBG,0,1,TRUE,FALSE,Chile
879357642841489408,opinionenlinea,2017-06-26T15:16:14Z,El FA surgió por la calidad actual de los partidos políticos chilenos https://t.co/IaL5fvbXBG,0,1,FALSE,FALSE,Santiago  
879168009235046402,earriagada,2017-06-26T02:42:42Z,"RT @pmgflores: Público? Incluyendo RD ¿dónde se han gestado los partidos políticos de las últimas décadas en el país? Sí, la UC. https://t.…",0,1,TRUE,FALSE,"Alameda 340, Santiago, Chile"
879160941455319040,Shaaaamy,2017-06-26T02:14:37Z,@Yanqui_freake Defiendo a personas e ideas no a partidos politicos no me abandero por quien deja de representarme le quito mi apoyo y punto,0,0,FALSE,FALSE,"Santiago, Chile.-"
879153191832752131,ginniasa,2017-06-26T01:43:49Z,"RT @HistoriaRadioUC: Capítulo 68: #Mujeres y partidos políticos de #Izquierda en #Concepción, 1960 - 1970 https://t.co/KNkPSFwUyh #Socialis…",0,1,TRUE,FALSE,"Puerto Montt, Chile"
879152233387966464,HistoriaRadioUC,2017-06-26T01:40:00Z,"Capítulo 68: #Mujeres y partidos políticos de #Izquierda en #Concepción, 1960 - 1970 https://t.co/KNkPSFwUyh… https://t.co/og986yJCLx",0,1,FALSE,FALSE,"Santiago, Chile"
879151330148986881,Angela_5785,2017-06-26T01:36:25Z,"Lindo... Siguieron metiendo a gente en partidos políticos SIN CONSENTIMIENTO �������� y el trámite ni siquiera es rápido ��

Hasta cuándo!?",0,0,FALSE,FALSE,"Santiago, Chile"
879039981599195136,pmgflores,2017-06-25T18:13:58Z,"Público? Incluyendo RD ¿dónde se han gestado los partidos políticos de las últimas décadas en el país? Sí, la UC. https://t.co/sPr8eSSgHs",0,1,FALSE,FALSE,"Santiago, Chile"
878798077972361218,MattyLL,2017-06-25T02:12:43Z,"@Ioannis_Yosiph @nenanerd @KenaLorenziniL Por definición, los partidos politicos son instituciones que tiene como o… https://t.co/5hHFnbSTUh",1,0,FALSE,FALSE,STGO
878745424282222592,fifernand,2017-06-24T22:43:30Z,@TuiteroOdioso Falso: usted confunde repartija del poder de parte de partidos políticos con la función del trabajad… https://t.co/9CVG8zoqXV,0,0,FALSE,FALSE,"San Bernardo, Chile"
878730005810991104,CarlosRuz_F,2017-06-24T21:42:14Z,"Luego, le echarán la culpa a la selección, cuando los primeros responsables son los partidos politicos. https://t.co/eYN2VcGBY8",1,0,FALSE,FALSE,"Santiago, Chile"
878721648383361024,pinto_goulart,2017-06-24T21:09:01Z,"@JanainaDoBrasil Hoje eu SOU ANTI TODOS partidos políticos do Brasil, sinto nojo, vergonha e MUITA RAIVA!!!",0,0,FALSE,FALSE,Santiago de Chile
878704112346570752,LilianaYanten,2017-06-24T19:59:20Z,"@ciper @Amplitud8vareg ESPERO QUE HA USTEDES LOS TOMEN EN CUENTA .
POR SER PARTIDOS POLÍTICOS IMPORTANTE Y DE MUCHO… https://t.co/AAXBYDEbTy",1,0,FALSE,FALSE,"Lo Barnechea, Chile"
878670409301929984,Pymes_legal,2017-06-24T17:45:25Z,"@jimenaorrego No creo que deba desaparecer, creo que  el Presidente de la República no debe designar a nadie. Los p… https://t.co/mF3UlGj1C1",0,0,FALSE,FALSE,SANTIAGO - CHILE
878550685167611904,melillanca,2017-06-24T09:49:40Z,RT @infogatecl: ��Estudio @USanSebastian Se agudiza desconfianza de chilenos en 27 instituciones: partidos políticos peor evaluados https://…,0,2,TRUE,FALSE,Santiagonia
878531910863028224,infogatecl,2017-06-24T08:35:04Z,��Estudio @USanSebastian Se agudiza desconfianza de chilenos en 27 instituciones: partidos políticos peor evaluados… https://t.co/aGpTx8KUPM,0,2,FALSE,FALSE,Santiago de Chile
878453491378909185,infogatecl,2017-06-24T03:23:27Z,��Estudio @USanSebastian Se agudiza desconfianza de chilenos en 27 instituciones: partidos políticos peor evaluados… https://t.co/uhqXhBlB28,0,0,FALSE,FALSE,Santiago de Chile
878452546783899648,s_ahumada,2017-06-24T03:19:42Z,"@observoysigo Estamos hablando de partidos políticos. .. Y si hay mucho ""paco"" de izq ... Son instituciones ... No hablé wueas",0,0,FALSE,FALSE,"Santiago, Chile"
878354597328416772,CartaDeTriunfo,2017-06-23T20:50:29Z,@una_artesana @vimardel @Barberaldo Puras etiquetas que ocupan no más 390 mil chilenos inscritos en partidos políti… https://t.co/DbAHnfTIu1,1,0,FALSE,FALSE,Santiago de Chile
878301632131289088,HistoriaRadioUC,2017-06-23T17:20:01Z,"Capítulo 68: #Mujeres y #partidos políticos de #Izquierda en #Concepción, 1960 - 1970 https://t.co/KNkPSFwUyh… https://t.co/wC3J2JBwvU",0,0,FALSE,FALSE,"Santiago, Chile"
878299322315440128,victorcarpint,2017-06-23T17:10:51Z,"Partidos políticos, AFP e Isapres dentro de las instituciones peor evaluadas en informe de percepción de confianza… https://t.co/S55fSRPc3z",0,0,FALSE,FALSE,"Santiago, Chile"
878277130517270528,camurri87,2017-06-23T15:42:40Z,@chechohirane Toda la razón al calificar a algunos candidatos como populistas. Coincide con paper de @patricionavia https://t.co/EiGy2fay17,1,0,FALSE,FALSE,Santiago de Chile
